T,FC,x1
1,4,4.6489396435229144
2,3,7.313938792332566
3,3,6.338423533805139
4,2,6.735290054730492
5,0,6.328124854757655
6,2,7.19948534262802
7,3,5.845102684344521
8,4,7.101543692741549
9,0,3.215550682264499
10,2,6.9222188314997
11,3,7.810624032498215
12,1,5.408057731621505
13,0,7.911456520371008
14,1,4.033871019001846
15,2,5.016489990208717
16,1,4.035205622902231
17,1,8.901748614536086
18,4,7.322911833299252
19,1,8.6046812604418
20,2,5.929149547643753
