T,FC,x1
1,3,5.022504455678522
2,2,7.10628656530825
3,2,3.8796448454564176
4,0,7.011386871342014
5,2,9.059745508116748
6,2,7.23077010833588
7,6,8.885379644778908
8,1,6.0524375922276406
9,1,5.149400888200545
10,3,7.396714970069398
11,1,7.563248848310886
12,2,3.085057366477011
13,1,5.135105156417014
14,1,7.091146771450793
15,2,6.55738814527344
16,1,2.423117250723502
17,2,8.96848753566551
18,2,8.951460807059611
19,2,4.293141592115663
20,4,6.064849933078032
