T,FC,x1
1,2,5.2019621186886855
2,1,5.700485315797103
3,1,5.4572880888186095
4,7,7.037187051034425
5,3,5.60252214792307
6,4,7.008355972831746
7,4,3.9594768771834996
8,5,6.887750169067981
9,8,8.495744353018361
10,7,6.1676318571321325
11,7,6.4037016870373265
12,3,5.61004246553624
13,3,2.0018931532659328
14,5,4.530249276040541
15,4,3.0553010214430376
16,6,6.011407174006079
17,4,8.000726527034864
18,4,7.059926630845
19,2,5.12855452286105
20,4,7.991096271025
